act0,act1,act2,act3,act4,act5,act6,act7,episode,step
9.573574061505497e-06,7.440914941980736e-07,2.0874582332908176e-05,3.2485102565260604e-05,0.9999363422393799,0.9925149083137512,0.0010022027418017387,0.006482940632849932,1,0
7.857137857003593e-11,6.303169897137195e-08,0.9999998807907104,3.3886879968747508e-09,5.980320239018511e-09,6.860853662971067e-09,1.0433639374696213e-07,0.9999998807907104,1,1
0.00021915524848736823,0.00015523577167186886,0.0003077472501900047,0.0015607664827257395,0.9977571368217468,0.99784255027771,9.13738549570553e-05,0.0020660716108977795,1,2
0.0004175094945821911,0.0056232246570289135,0.02968359738588333,0.9583461284637451,0.005929489620029926,0.997204065322876,4.5329201384447515e-05,0.0027507294435054064,1,3
7.056466984067811e-06,2.1360292521421798e-06,4.18442459704238e-06,0.00022547073604073375,0.999761164188385,0.9965965151786804,0.00019670567417051643,0.0032067482825368643,1,4
0.00024125409254338592,0.0006117980810813606,0.9863408803939819,0.011274478398263454,0.001531665795482695,0.2438487559556961,2.124861021002289e-05,0.756130039691925,1,5
1.0,1.885818229547566e-14,1.1969991783791073e-14,2.5750813034855904e-22,1.351856045725755e-13,0.00030607645749114454,0.9996939897537231,2.2873486216212768e-08,1,6
2.586430673545692e-05,0.9994814991950989,1.7094389477279037e-06,0.00047906822874210775,1.188703845400596e-05,0.9991695880889893,0.0008193505345843732,1.1128181540698279e-05,1,7
8.749627227189194e-07,1.6034431382649927e-06,0.9999825954437256,1.1493487050984186e-07,1.4758677025383804e-05,3.45180546901247e-06,9.477390250367534e-08,0.9999964237213135,1,8
1.9425311620580032e-05,7.18684823368676e-05,3.548220047377981e-05,7.035911949060392e-06,0.9998661279678345,0.986941397190094,0.0010007930686697364,0.012057814747095108,1,9
0.015617706812918186,0.0030720059294253588,0.7927316427230835,0.17225942015647888,0.016319183632731438,0.6695085763931274,0.00010122541425516829,0.33039021492004395,1,10
0.0005349430139176548,0.00011387041740817949,3.8914946344448254e-05,0.0015008286572992802,0.997811496257782,0.9860728979110718,0.00041134003549814224,0.013515732251107693,1,11
0.0026564483996480703,0.00038342081825248897,0.004515656270086765,0.9645166993141174,0.027927745133638382,0.998410701751709,0.00021879056293983012,0.0013705117162317038,1,12
9.059833246283233e-06,1.2291943676245864e-06,4.952916697220644e-06,1.7124037867688457e-06,0.9999830722808838,0.9989134073257446,0.0007916042814031243,0.00029495186754502356,1,13
1.7611873772693798e-06,0.9999970197677612,7.651631790395186e-07,8.388019168137362e-09,4.665751873744739e-07,0.9984216690063477,0.0013450942933559418,0.0002332502044737339,1,14
4.5607303036376834e-05,8.426812314610288e-08,3.3887602057802724e-06,1.8750258732325165e-06,0.9999490976333618,0.9987426400184631,0.0012348683085292578,2.25165731535526e-05,1,15
6.419988429762213e-10,2.4092079797810584e-07,0.9999681711196899,3.156270759063773e-05,1.0900357949594763e-08,3.052502250966427e-09,2.5008241664181696e-06,0.9999974966049194,1,16
0.0522039495408535,0.00469196867197752,0.31911396980285645,0.2687436640262604,0.35524648427963257,0.9972121119499207,5.829333531437442e-06,0.002782035619020462,1,17
0.6177560687065125,0.38203907012939453,3.1223710266203852e-06,1.8004094215484656e-07,0.00020154470985289663,0.9980021119117737,0.0019927516113966703,5.06199694427778e-06,1,18
2.688512381610053e-07,4.1227573092328385e-05,0.9997491240501404,4.576749688567361e-06,0.0002048907772405073,2.6321038603782654e-05,1.9914023141609505e-06,0.9999716281890869,1,19
6.623645458603278e-05,6.455700349761173e-05,0.0017827803967520595,0.00026927803992293775,0.9978171586990356,0.9998031258583069,4.0022052417043597e-05,0.00015689048450440168,1,20
0.04376738891005516,0.9562193155288696,2.727491619225475e-07,5.462710728210141e-09,1.3134473192621954e-05,0.22271563112735748,0.7772594094276428,2.4944640244939364e-05,1,21
2.0381537524372106e-07,0.9999984502792358,1.7420580533666907e-08,1.0184851184646959e-08,1.3687856608157745e-06,0.9970391988754272,0.0015320421662181616,0.0014287770027294755,1,22
2.745043639151845e-05,0.9999480247497559,3.46999030398365e-07,2.8579195259226253e-06,2.1323890905478038e-05,0.998267650604248,0.0017125888261944056,1.9780603906838223e-05,1,23
0.000529211014509201,0.9994407296180725,2.7620449145615567e-06,1.78790905920323e-05,9.461993613513187e-06,0.949555516242981,0.0503416508436203,0.00010275565728079528,1,24
1.4637577261389367e-10,7.208891816823382e-11,2.9399149781283995e-11,2.247450408285681e-13,1.0,0.9992456436157227,0.00036367782740853727,0.00039071912760846317,1,25
4.0331769923795946e-08,4.111296547648635e-08,1.3372871308092726e-06,2.295701823085139e-10,0.9999985694885254,0.9999911785125732,8.527308636985254e-06,2.2397175314381457e-07,1,26
7.033094107100624e-07,0.004113300237804651,9.744854878590559e-07,1.0523844989895892e-10,0.9958849549293518,0.999596893787384,0.000401940691517666,1.17230945306801e-06,1,27
2.771015715552494e-06,0.0015147533267736435,5.8284204129677164e-08,4.65651267544942e-11,0.9984824061393738,0.999500036239624,0.0004965931875631213,3.3755036383809056e-06,1,28
7.324135822273092e-07,0.006235560402274132,1.2826332351778547e-07,3.971519640932897e-11,0.9937636256217957,0.9985442161560059,0.0013605651911348104,9.517866419628263e-05,1,29
0.0001057937479345128,0.9702544808387756,8.587955380789936e-05,8.212580127064939e-08,0.02955370582640171,0.9996448755264282,0.0003485416527837515,6.547935299749952e-06,1,30
0.00011116488894913346,0.9998055100440979,8.731599905331677e-07,4.1975276872108225e-06,7.824776548659429e-05,0.9911223649978638,0.006953619886189699,0.0019239517860114574,1,31
0.0004960141377523541,0.9981750249862671,1.0785389349621255e-05,0.0009326742729172111,0.00038557499647140503,0.9970951080322266,0.001673922291956842,0.0012309291632845998,1,32
1.225265123139252e-06,0.0012759017990902066,3.340992549283328e-08,9.686258045649154e-11,0.9987228512763977,0.9996516704559326,0.00022691322374157608,0.00012138842430431396,1,33
0.0034786786418408155,0.10260672122240067,0.002039919840171933,0.8810232281684875,0.010851563885807991,0.9791616201400757,0.013117245398461819,0.00772111676633358,1,34
0.000721276446711272,0.025977691635489464,0.0001574461639393121,0.9730470180511475,9.661377407610416e-05,0.9984996318817139,0.00029097383958287537,0.00120931479614228,1,35
0.04160480946302414,0.2690224051475525,0.0010052344296127558,0.6571363806724548,0.031231185421347618,0.9655120372772217,0.00023672456154599786,0.034251220524311066,1,36
0.0032281617168337107,0.9727569818496704,0.0010981559753417969,0.0028173462487757206,0.02009941264986992,0.9991359114646912,0.0007244531298056245,0.00013968668645247817,1,37
0.00011283118510618806,0.09547623246908188,2.763212614809163e-05,0.0009646321414038539,0.9034186601638794,0.9991845488548279,0.000187017023563385,0.0006284124101512134,1,38
0.002545382361859083,0.04548162594437599,0.01627686619758606,0.015146725811064243,0.9205494523048401,0.9856125116348267,0.011038151569664478,0.003349385457113385,1,39
0.0003899137955158949,0.07382618635892868,0.0773797333240509,0.8432715535163879,0.005132655147463083,0.9984153509140015,0.0007738950080238283,0.0008107113535515964,1,40
9.750920435180888e-05,0.991909921169281,3.245358675485477e-05,0.0009539817692711949,0.007006165571510792,0.9927698969841003,0.006217751652002335,0.0010123654501512647,1,41
0.027615657076239586,0.1964200884103775,0.018638260662555695,0.18313592672348022,0.574190080165863,0.9896917939186096,0.0008523303549736738,0.009455843828618526,1,42
0.0016810892848297954,0.01324011106044054,0.018018651753664017,0.965223491191864,0.0018366161966696382,0.9686138033866882,0.0004902092041447759,0.030896103009581566,1,43
4.0298168642038945e-06,0.00017193179519381374,3.922639546516393e-09,2.9749471115725346e-12,0.9998241066932678,0.999110996723175,0.0008138450793921947,7.510311843361706e-05,1,44
0.0029262835159897804,0.05390167236328125,6.49872308713384e-05,1.5864139641053043e-05,0.9430911540985107,0.9680887460708618,0.03173443302512169,0.00017684554040897638,1,45
0.021193934604525566,0.5077383518218994,0.008306737057864666,0.4555363655090332,0.007224604021757841,0.997557520866394,0.00046843726886436343,0.001974015962332487,1,46
0.016748027876019478,0.2850857079029083,0.0004985893028788269,0.6879279613494873,0.009739703498780727,0.9942588806152344,0.001910424674861133,0.003830777248367667,1,47
0.0005035246140323579,0.8903433084487915,0.0006759690004400909,0.08184981346130371,0.02662735991179943,0.9769139885902405,0.021758222952485085,0.0013278877595439553,1,48
7.27006045053713e-05,0.0025454768911004066,0.0005150279030203819,0.9964914917945862,0.0003752176999114454,0.999270498752594,0.00014884740812703967,0.000580627063754946,1,49
3.327700687805191e-05,1.1061520126531832e-06,2.6314992283005267e-05,1.630507358640898e-05,0.9999229907989502,0.9898695349693298,0.0009689279831945896,0.009161503985524178,2,0
1.4375359236318275e-10,1.0798375882359323e-07,0.9999995231628418,2.6245547246617207e-07,9.055378313860274e-08,4.747912729641257e-09,9.467934205531492e-07,0.9999990463256836,2,1
3.2341911719413474e-05,5.211758252698928e-05,5.032114131608978e-05,0.00022471540432889014,0.9996404647827148,0.9918004870414734,0.0019065917003899813,0.006292860023677349,2,2
2.674025199667085e-05,0.00029234960675239563,0.0009460473083890975,0.5803231596946716,0.4184116721153259,0.9760475158691406,0.0004993658512830734,0.02345307543873787,2,3
0.0017000812804326415,0.0005556743708439171,0.15748387575149536,0.05360244959592819,0.7866579294204712,0.5320775508880615,0.00021254965395200998,0.46770986914634705,2,4
1.0423279945825925e-06,3.819182552433631e-07,2.5935541998478584e-06,1.9550514025468146e-06,0.9999940395355225,0.9725204110145569,0.027217959985136986,0.0002617152058519423,2,5
4.4067131966585293e-05,0.00027265772223472595,0.9973924160003662,5.197598511585966e-05,0.0022389136720448732,0.999950647354126,4.743180761579424e-05,1.8581959011498839e-06,2,6
0.0017045215936377645,0.00018842052668333054,0.0006370741175487638,0.4584227204322815,0.5390473008155823,0.9997263550758362,3.947583172703162e-05,0.00023414577299263328,2,7
2.6425212126923725e-05,1.1650107808236498e-05,0.007372324354946613,5.392737989495799e-07,0.992588996887207,0.9993222951889038,0.000665447732899338,1.2283639989618678e-05,2,8
0.00035836268216371536,4.616022852133028e-05,0.9968366622924805,7.302379526663572e-05,0.002685719169676304,0.9998955726623535,8.598988642916083e-05,1.842246092564892e-05,2,9
0.0020682234317064285,0.001359204645268619,0.7208875417709351,0.09280857443809509,0.18287648260593414,0.9973899722099304,0.00033221099874936044,0.0022778622806072235,2,10
0.005064771044999361,0.002331234747543931,0.8098581433296204,0.02229442074894905,0.16045142710208893,0.9997586607933044,0.00012520876771304756,0.00011608799832174554,2,11
0.009210946969687939,0.22641578316688538,0.5218889713287354,0.01692037656903267,0.22556394338607788,0.9984263181686401,0.00010208602179773152,0.0014715513680130243,2,12
0.01338888704776764,0.002184696262702346,0.0720733255147934,0.08856071531772614,0.8237923383712769,0.999971866607666,7.211388947325759e-06,2.102453072438948e-05,2,13
0.005599598865956068,0.00010621996625559404,0.2389354407787323,0.7310494780540466,0.024309303611516953,0.9905540347099304,0.003656025743111968,0.005790015682578087,2,14
0.0027519436553120613,0.0008880053064785898,0.0077081299386918545,0.9840255379676819,0.004626370966434479,0.999799907207489,6.674389442196116e-05,0.0001334011903963983,2,15
0.00018502653983887285,0.00022874456772115082,0.0036340297665446997,0.005534885451197624,0.9904173612594604,0.9993671774864197,0.0003450130170676857,0.00028783403104171157,2,16
0.013111976906657219,4.7373647248605266e-05,0.0005970411002635956,0.043305959552526474,0.9429376125335693,0.8985154032707214,0.0002961422724183649,0.10118849575519562,2,17
0.006318653933703899,0.002414814895018935,0.20633459091186523,0.6436927914619446,0.1412392109632492,0.9739999771118164,4.6660523366881534e-05,0.025953298434615135,2,18
0.004010356031358242,0.0004889044212177396,0.0037243899423629045,0.8497741222381592,0.14200222492218018,0.9992152452468872,0.00027429312467575073,0.0005104438168928027,2,19
0.0007500699139200151,0.0007761161541566253,0.024724775925278664,0.14213669300079346,0.8316124081611633,0.9997320771217346,9.951830725185573e-05,0.00016835046699270606,2,20
7.140002708183601e-05,9.459615830564871e-05,0.0006203895318321884,0.9857236742973328,0.013490015640854836,0.9938416481018066,0.0019533783197402954,0.004204890690743923,2,21
0.0012935529230162501,2.460717223584652e-05,0.00031184693216346204,0.03400041535496712,0.964369535446167,0.9986522793769836,0.0012356259394437075,0.0001121950990636833,2,22
1.647676072025206e-05,1.519852776254993e-05,0.0011053396156057715,0.016269946470856667,0.9825930595397949,0.991321861743927,0.0006365461740642786,0.00804163422435522,2,23
0.00019765211618505418,0.020970908924937248,0.0005793644231744111,0.9775704145431519,0.0006816705572418869,0.9975678324699402,0.0013312724186107516,0.0011008332949131727,2,24
0.0017326372908428311,0.7400031089782715,3.961196125601418e-05,0.2580021023750305,0.00022252838243730366,0.4330981969833374,0.5526139736175537,0.01428786851465702,2,25
0.0001346357021247968,0.9614899754524231,5.963331204839051e-06,0.03814847767353058,0.0002208748774137348,0.47820913791656494,0.51834636926651,0.0034444325137883425,2,26
0.0031528964173048735,0.0856623649597168,0.007032416760921478,0.9035935997962952,0.0005587434861809015,0.999030590057373,0.00015532603720203042,0.0008140768622979522,2,27
0.0033612691331654787,0.0033147891517728567,0.9685063362121582,0.007267486769706011,0.017550047487020493,0.9993846416473389,0.0006047326605767012,1.0608358024910558e-05,2,28
0.06052335351705551,0.04556160792708397,0.00013935071183368564,0.005580935627222061,0.8881947994232178,0.035054389387369156,0.9649257659912109,1.9941062419093214e-05,2,29
0.01791495271027088,0.9439536333084106,0.0004191319749224931,0.03643478825688362,0.00127750588580966,0.11541209369897842,0.8827627897262573,0.00182502088136971,2,30
0.009597678668797016,0.9628767371177673,0.0003935715649276972,0.0035107082221657038,0.023621395230293274,0.893522322177887,0.10605212301015854,0.0004255657840985805,2,31
0.003373781219124794,0.0866599828004837,0.00552756292745471,0.8888158202171326,0.015622821636497974,0.9994423985481262,0.000472298328531906,8.535811502952129e-05,2,32
0.05381690710783005,0.061921000480651855,0.025711512193083763,0.763927698135376,0.09462291747331619,0.29186198115348816,0.7066031694412231,0.001534805865958333,2,33
0.0005119513371028006,0.008392944000661373,5.7952052884502336e-05,0.00011370530410204083,0.9909234642982483,0.9985772371292114,0.0006631008582189679,0.0007597429794259369,2,34
0.00574127584695816,0.005900744814425707,0.04379034414887428,0.9108659625053406,0.033701688051223755,0.6547276973724365,0.3282201290130615,0.017052240669727325,2,35
0.00042439420940354466,0.0003058672009501606,4.3345047743059695e-05,0.0006787548772990704,0.9985476136207581,0.024651268497109413,0.9751821756362915,0.00016641915135551244,2,36
0.008838189765810966,0.25283151865005493,6.237463821889833e-05,0.3287334740161896,0.4095344543457031,0.0007244804291985929,0.9992296695709229,4.582867040880956e-05,2,37
0.010717986151576042,0.13002827763557434,0.0004794815322384238,0.8457373976707458,0.013036947697401047,0.00015352120681200176,0.9998394250869751,7.056434242258547e-06,2,38
0.016649821773171425,0.6501676440238953,0.00019876332953572273,0.29943186044692993,0.03355200216174126,0.07058794051408768,0.9290639162063599,0.00034817986306734383,2,39
0.0005918269162066281,0.06875503063201904,0.00029830957646481693,0.0028231199830770493,0.9275317192077637,0.9974609613418579,0.0022275950759649277,0.00031147015397436917,2,40
0.0001521162485005334,4.5971526560606435e-05,9.840254642767832e-05,0.0002637075667735189,0.9994397759437561,0.9633899331092834,0.03500184416770935,0.0016082320362329483,2,41
0.0002481152769178152,0.0004633891803678125,0.0001487369736423716,0.01239718310534954,0.9867424964904785,0.9971977472305298,0.0005828822031617165,0.002219377551227808,2,42
0.07339570671319962,0.024362199008464813,0.790452778339386,0.029416725039482117,0.08237262070178986,0.9997004270553589,0.0002753378066699952,2.4282247977680527e-05,2,43
0.21575413644313812,0.027524715289473534,0.5206200480461121,0.23391523957252502,0.00218577915802598,0.9962654709815979,0.0002082995924865827,0.0035262531600892544,2,44
0.00677382480353117,0.08541639894247055,0.004474164452403784,0.8954702019691467,0.007865380495786667,0.9558167457580566,0.0009236123878508806,0.04325966536998749,2,45
0.002062947256490588,0.8146534562110901,7.773847028147429e-05,0.18308380246162415,0.00012212262663524598,0.8274214267730713,0.16716475784778595,0.005413759965449572,2,46
0.03812283277511597,0.03289556875824928,0.0036045159213244915,0.924890398979187,0.0004866133676841855,0.9041829705238342,0.0902324840426445,0.005584573373198509,2,47
0.02112533152103424,0.3074481785297394,0.004092270974069834,0.5362696051597595,0.13106459379196167,0.1303437054157257,0.8647859692573547,0.004870311357080936,2,48
0.001137549988925457,0.620465874671936,6.894770922372118e-05,0.007274271454662085,0.3710533082485199,0.9996291399002075,0.0002529612393118441,0.00011789858399424702,2,49
1.8087301896230201e-06,6.186098744365154e-07,8.90379033080535e-06,1.4246322734834393e-06,0.9999872446060181,0.9966076612472534,0.0028484202921390533,0.0005438991938717663,3,0
4.3544148842222796e-10,1.0538609558352618e-06,0.9999982118606567,2.763631812285894e-07,4.4084231376473326e-07,5.639678946067761e-08,4.4835604740001145e-07,0.9999995231628418,3,1
2.4460470740450546e-05,1.2016899972877582e-06,0.0003244387044105679,1.8954839106299914e-05,0.9996309280395508,0.9952027797698975,9.801678970688954e-05,0.0046991873532533646,3,2
5.089294791105203e-05,2.4094593754853122e-05,0.0015581718180328608,0.9982238411903381,0.00014300941256806254,0.9874074459075928,0.00018391897901892662,0.012408507987856865,3,3
0.0003830385103356093,1.1014977644663304e-05,0.9995284080505371,2.7034880986320786e-05,5.0576880312291905e-05,0.9999274015426636,6.922833563294262e-05,3.2917687349254265e-06,3,4
0.0008956447709351778,0.00047841822379268706,0.00010701139399316162,0.0018921014852821827,0.9966268539428711,0.9580685496330261,0.0003719150263350457,0.041559524834156036,3,5
0.000383014848921448,0.00033522903686389327,0.0008250893442891538,0.057201072573661804,0.9412555694580078,0.9974794983863831,0.0008212408283725381,0.0016993841854855418,3,6
0.0003648718702606857,0.00024448285694234073,0.050571851432323456,0.9486028552055359,0.0002159025170840323,0.9955667853355408,0.00027646904345601797,0.00415663979947567,3,7
0.00018940956215374172,2.077068347716704e-05,3.485062552499585e-05,2.082270657410845e-05,0.999734103679657,0.9635290503501892,9.870860230876133e-05,0.03637225925922394,3,8
1.5294946933863685e-05,5.2299757953733206e-05,4.574395279632881e-05,0.9997947812080383,9.191945719067007e-05,0.8951565027236938,0.0004733318346552551,0.1043701320886612,3,9
0.00015990498650353402,0.0004647943424060941,0.9982532858848572,0.00011749056284315884,0.001004498335532844,0.9991796612739563,0.00028075059526599944,0.0005396053311415017,3,10
2.8274427677388303e-05,2.786223376460839e-05,8.232868276536465e-05,0.9998034834861755,5.807957495562732e-05,0.9971466660499573,0.00024284666869789362,0.0026105414144694805,3,11
0.00033545360201969743,0.00032798611209727824,0.004830004647374153,0.9930015802383423,0.0015050348592922091,0.9994751811027527,8.060714208113495e-06,0.00051671959226951,3,12
7.455394370481372e-05,2.4641944037284702e-05,0.0020488917361944914,0.9973395466804504,0.000512273923959583,0.9990087747573853,0.000205080839805305,0.0007861240883357823,3,13
0.0004136359493713826,0.0001421572087565437,8.139613055391237e-05,0.9989369511604309,0.0004258512344677001,0.9964028596878052,0.0005855626077391207,0.003011564491316676,3,14
0.0010271301725879312,0.1128392368555069,0.0002728818217292428,0.8808392882347107,0.005021364893764257,0.9944310784339905,4.091483060619794e-05,0.005527952685952187,3,15
7.52859195927158e-05,0.9993206262588501,0.0001818517775973305,0.0001659038389334455,0.0002562636218499392,0.9238040447235107,0.004588712006807327,0.07160726189613342,3,16
0.0009644083911553025,0.9910922646522522,0.0005474936333484948,0.007231804076582193,0.00016401844914071262,0.9991286396980286,0.00010942827793769538,0.0007619766402058303,3,17
0.00023338821483775973,0.0001352380495518446,0.07679350674152374,2.2615142370341346e-05,0.9228153228759766,0.9998735189437866,4.421384073793888e-05,8.223212353186682e-05,3,18
0.005965747870504856,0.11645909398794174,0.2529185116291046,0.021885130554437637,0.602771520614624,0.9997027516365051,0.000248020573053509,4.918773265671916e-05,3,19
0.06265219300985336,0.6114594340324402,0.1545257419347763,0.00041868272819556296,0.17094388604164124,0.9771800637245178,0.022670725360512733,0.00014927009760867804,3,20
0.0011758614564314485,0.013034593313932419,0.9829602241516113,0.002790562342852354,3.881053635268472e-05,0.9897300004959106,0.010220324620604515,4.966627238900401e-05,3,21
0.0029123814310878515,0.005065431818366051,0.9466501474380493,0.044544417411088943,0.0008275823784060776,0.9988365769386292,1.2202425750729162e-05,0.001151285832747817,3,22
0.00037031027022749186,0.00023184952442534268,0.9639456868171692,0.0032637922558933496,0.032188430428504944,0.9970797896385193,0.002097198273986578,0.0008229948580265045,3,23
9.215429599862546e-06,2.1900831370658125e-07,1.6537813280592673e-05,8.880298310032231e-07,0.9999731779098511,0.9994590878486633,0.0003835154348053038,0.00015740320668555796,3,24
0.00043116422602906823,9.56130024860613e-05,0.01691492646932602,0.0006295652710832655,0.9819287061691284,0.999962329864502,3.001468940055929e-05,7.651085070392583e-06,3,25
0.02133108302950859,0.014326181262731552,0.6162965893745422,0.333806574344635,0.014239533804357052,0.9995900988578796,0.0002296119782840833,0.00018027142505161464,3,26
6.839701381977648e-05,0.005507017020136118,0.0030694894958287477,0.9890567660331726,0.0022982850205153227,0.9866337776184082,0.00346444733440876,0.009901770390570164,3,27
4.954892119712895e-06,1.728855750116054e-06,1.3973041859571822e-05,8.814632792564225e-07,0.9999784231185913,0.9997056126594543,0.0002637464785948396,3.059228401980363e-05,3,28
0.0004489225393626839,1.9757449990720488e-05,0.0002570099604781717,0.0012465035542845726,0.9980277419090271,0.9996585845947266,6.720516103086993e-05,0.00027425552252680063,3,29
0.02064652368426323,0.027726054191589355,0.7686760425567627,0.18019866943359375,0.0027527054771780968,0.9241393804550171,0.05859174579381943,0.017268862575292587,3,30
0.0021001340355724096,0.01225263811647892,0.00021812586055602878,0.9713371992111206,0.014091883786022663,0.11648587137460709,0.8698833584785461,0.013630824163556099,3,31
0.034443050622940063,0.23056736588478088,0.001549768727272749,0.020851384848356247,0.7125884294509888,0.9440287947654724,0.0559118278324604,5.934402361162938e-05,3,32
0.008349766954779625,0.2137218415737152,0.0020816526375710964,0.44386109709739685,0.33198559284210205,0.014536638744175434,0.9794487357139587,0.006014625541865826,3,33
0.01149679720401764,0.9136717915534973,0.0008028338779695332,0.06296127289533615,0.011067411862313747,0.08232152462005615,0.7691999673843384,0.14847849309444427,3,34
0.007573583163321018,0.458462119102478,0.0006489208317361772,0.013886816799640656,0.5194286108016968,0.5841741561889648,0.4149419069290161,0.0008839557413011789,3,35
0.09628622233867645,0.001153463264927268,0.020198823884129524,0.14851874113082886,0.7338427901268005,0.999920129776001,6.359480175888166e-05,1.6236890587606467e-05,3,36
0.029124481603503227,0.028264395892620087,0.7290992736816406,0.11962206661701202,0.09388982504606247,0.9934958219528198,0.0006004347815178335,0.005903706420212984,3,37
0.0008050525793805718,4.408388122101314e-06,0.9444626569747925,0.054717399179935455,1.0337591447751038e-05,0.8493992686271667,0.002146640792489052,0.14845408499240875,3,38
0.00010085511166835204,3.452769306022674e-05,8.573943887313362e-06,0.999822199344635,3.387398101040162e-05,0.9942956566810608,0.004289846867322922,0.0014144718879833817,3,39
0.05670759454369545,0.07213863730430603,0.0027727955020964146,0.748479962348938,0.11990093439817429,0.09877369552850723,0.8996703028678894,0.001555933034978807,3,40
0.0009619975462555885,0.5308353304862976,0.0002819896908476949,0.0018735365010797977,0.46604713797569275,0.9638804197311401,0.035797227174043655,0.0003222821978852153,3,41
0.00019536394393071532,5.333429726306349e-05,0.00010082882363349199,0.9865784049034119,0.01307209674268961,0.015622133389115334,0.9729275107383728,0.01145042572170496,3,42
0.00012298324145376682,0.025303814560174942,6.435929390136153e-05,3.2221549190580845e-05,0.97447669506073,0.9996510744094849,7.358082802966237e-05,0.00027542191674001515,3,43
0.004442531615495682,0.009351035580039024,0.0003195739700458944,0.30687984824180603,0.6790069937705994,0.07079705595970154,0.9230673313140869,0.006135574541985989,3,44
0.016390474513173103,0.8056443333625793,0.0003116311563644558,0.045611266046762466,0.13204236328601837,0.40619218349456787,0.591542661190033,0.0022651602048426867,3,45
0.0025905778165906668,0.007526892237365246,0.000153977787704207,0.00023814116138964891,0.9894904494285583,0.9462306499481201,0.05373770371079445,3.1743755243951455e-05,3,46
0.007053724955767393,0.0029554751235991716,0.29878613352775574,0.06866571307182312,0.6225389838218689,0.9831992983818054,0.0021728817373514175,0.01462779100984335,3,47
3.096771763466677e-07,1.175122776864157e-09,0.9999544620513916,4.512815939961001e-05,3.5117917462912374e-08,0.0005327266408130527,6.90272372594336e-08,0.9994671940803528,3,48
5.647247962770052e-05,0.0024454218801110983,0.00031199457589536905,0.9969854950904846,0.00020061733084730804,0.9913986921310425,0.0008507369202561677,0.007750662975013256,3,49
0.0006662613013759255,5.263018465484492e-07,0.0003142930509056896,5.544531632040162e-06,0.9990133047103882,0.9994677901268005,8.16443789517507e-05,0.0004505536053329706,4,0
8.107475801821806e-11,1.8314327121515817e-07,0.9999996423721313,1.1381052900105715e-07,3.2522819992664154e-08,1.4762463251827285e-06,1.1926775869142148e-06,0.9999973773956299,4,1
0.00036562836612574756,0.00023116830561775714,8.471116598229855e-05,0.0020864601247012615,0.9972320199012756,0.9759777784347534,0.0013082437217235565,0.022714095190167427,4,2
0.001495637116022408,0.0005918325041420758,0.06123436987400055,0.925743818283081,0.010934277437627316,0.9860728979110718,0.00037297207745723426,0.013554132543504238,4,3
0.0001826066873036325,5.1588434871518984e-05,0.00011056321818614379,0.9993815422058105,0.00027364291599951684,0.999987006187439,1.4245313195715426e-06,1.1585848369577434e-05,4,4
1.6956077161012217e-05,9.118279194808565e-06,5.922879154240945e-06,1.0012093298428226e-05,0.9999580383300781,0.9986096620559692,0.0012299746740609407,0.0001604107383172959,4,5
5.192013759369729e-06,1.387765041727107e-05,7.230281335068867e-05,2.5502424250589684e-05,0.9998830556869507,0.9839895367622375,0.0006894651451148093,0.015321002341806889,4,6
0.00013382654287852347,6.562803173437715e-05,0.9995349645614624,0.00022144202375784516,4.4260581489652395e-05,0.9987958669662476,0.0010963648092001677,0.00010778299474623054,4,7
5.2983101340942085e-05,2.1110967281856574e-05,3.2493695471202955e-05,0.00036283614463172853,0.999530553817749,0.9963762164115906,0.0009022539015859365,0.0027214884757995605,4,8
0.00043054023990407586,0.0007577334763482213,0.0024600662291049957,0.9956154823303223,0.0007362504256889224,0.9995321035385132,8.298843749798834e-05,0.00038493078318424523,4,9
1.3512771147361491e-05,0.0001469878916395828,0.0019273372599855065,0.9978571534156799,5.494233482750133e-05,0.947636067867279,0.0006489047664217651,0.051715098321437836,4,10
0.0007446092204190791,7.738100248388946e-05,0.9991401433944702,1.9929910195060074e-05,1.7969956388697028e-05,0.9998995065689087,9.582195343682542e-05,4.697775239037583e-06,4,11
2.8841186576755717e-06,3.264944780312362e-06,0.9999935626983643,1.0801380057046117e-07,1.1927976117931394e-07,0.9998904466629028,6.019937063683756e-05,4.940365033689886e-05,4,12
2.978859811264556e-05,0.00011253201955696568,4.6687302528880537e-05,0.9995594620704651,0.000251545017817989,0.9353458285331726,0.00017959211254492402,0.06447453796863556,4,13
0.0013204319402575493,0.0002117590483976528,0.9841262102127075,0.014320733025670052,2.087976645270828e-05,0.9998713731765747,7.691793143749237e-05,5.178366700420156e-05,4,14
7.569949957542121e-05,3.874642061418854e-05,2.643982952577062e-05,0.9997968077659607,6.234951433725655e-05,0.9999085664749146,2.4980099624372087e-05,6.64130857330747e-05,4,15
2.121598452475837e-09,2.1432944308230617e-08,9.310978654752944e-10,8.311584309694808e-09,1.0,0.9999909400939941,7.498922514059814e-06,1.533357817606884e-06,4,16
5.90410090808291e-05,9.061310993274674e-05,6.552124978043139e-05,0.9997689127922058,1.5960109521984123e-05,0.9993783235549927,7.658472895855084e-05,0.0005450332537293434,4,17
6.06227649768698e-06,6.662351097475039e-06,5.024685015087016e-05,0.9999310970306396,5.977842647553189e-06,0.9609752893447876,0.011727641336619854,0.027297016233205795,4,18
0.00040576449828222394,0.00012943503679707646,0.00016122052329592407,0.9989687204360962,0.00033489815541543067,0.9993938207626343,2.640883940330241e-05,0.0005796673940494657,4,19
0.00012077790597686544,4.7694640670670196e-05,0.00031998640042729676,0.9992684721946716,0.0002430848398944363,0.9937419295310974,6.763081910321489e-05,0.006190394051373005,4,20
0.018467264249920845,0.6172158718109131,0.0012400717241689563,0.3614528179168701,0.001624007592909038,0.998853325843811,0.00018632865976542234,0.0009603326907381415,4,21
0.0001409622054779902,0.9622474908828735,6.0078124079154804e-05,0.03411271423101425,0.0034387100022286177,0.9996477365493774,0.0002265946677653119,0.0001256875111721456,4,22
0.002976714400574565,0.05671212449669838,0.9118137359619141,0.02338399365544319,0.0051133893430233,0.9993481040000916,3.936223220080137e-05,0.0006125494837760925,4,23
0.0007051919237710536,0.9927465319633484,3.216380355297588e-05,0.006346542853862047,0.00016943662194535136,0.9976975321769714,0.0007422673515975475,0.00156016880646348,4,24
0.00011641212040558457,0.00011418870417401195,0.0036581929307430983,8.087937999334827e-07,0.9961103796958923,0.9931052327156067,2.6441501177032478e-05,0.006868395954370499,4,25
0.00036570921656675637,4.5397177018458024e-05,0.12243348360061646,7.212474429252325e-06,0.8771482110023499,0.9988332390785217,2.890774885599967e-05,0.0011378382332623005,4,26
0.001549085951410234,0.0038321586325764656,0.72307288646698,0.2697801887989044,0.0017656900454312563,0.9986804127693176,0.00031887931982055306,0.0010007491800934076,4,27
0.0072775608859956264,0.0001308789651375264,0.10742161422967911,0.8824748992919922,0.0026949713937938213,0.9982786178588867,0.0001849926629802212,0.0015363021520897746,4,28
0.0021114784758538008,0.2970031499862671,0.2066512256860733,0.48105862736701965,0.013175532221794128,0.9922932386398315,0.007680831011384726,2.5931049094651826e-05,4,29
0.008211415261030197,0.29189154505729675,0.01209275983273983,0.00043837190605700016,0.6873658895492554,0.9988998174667358,0.0008756101597100496,0.00022456796432379633,4,30
0.08815456926822662,0.020872006192803383,0.4208497107028961,0.3118482232093811,0.15827547013759613,0.9996501207351685,6.206944090081379e-05,0.00028773932717740536,4,31
0.06011015921831131,0.0030090638902038336,0.008303796872496605,0.0014441502280533314,0.9271328449249268,0.9997193217277527,0.00010616724466672167,0.00017451331950724125,4,32
0.0019737710244953632,0.0002873947087209672,0.030028682202100754,0.96205073595047,0.005659370217472315,0.9996604919433594,0.00010431308328406885,0.0002352644660277292,4,33
0.008301893249154091,0.25940874218940735,0.06709512323141098,0.6633915901184082,0.00180257938336581,0.9978384375572205,0.001231890986673534,0.000929740839637816,4,34
0.000739392067771405,0.679224967956543,0.0017748000100255013,8.127459295792505e-05,0.31817954778671265,0.9971018433570862,0.00012324920680839568,0.0027748257853090763,4,35
0.0009400458075106144,0.0007472085999324918,0.004832802806049585,1.6764998918006313e-06,0.9934782981872559,0.9996167421340942,0.00023867942218203098,0.00014458040823228657,4,36
0.007326441816985607,0.01893235370516777,0.15552251040935516,0.008935460820794106,0.8092831969261169,0.9995551705360413,0.00031190807931125164,0.00013281563587952405,4,37
0.0011793164303526282,0.002325324108824134,0.024367526173591614,0.9712618589401245,0.0008658982696942985,0.9931368827819824,5.1267354137962684e-05,0.006811910308897495,4,38
0.002059321152046323,0.0009419838897883892,0.026020731776952744,0.9699606895446777,0.001017301226966083,0.9975181818008423,0.0009778218809515238,0.001504022628068924,4,39
0.00018000983982346952,0.008229411207139492,0.8085193037986755,1.3945805221737828e-05,0.1830572783946991,0.9992520213127136,0.00025667966110631824,0.0004912501899525523,4,40
0.002797176828607917,0.003645090153440833,0.011402759701013565,0.0001050942373694852,0.9820498824119568,0.9985588192939758,0.000231098267249763,0.001210084417834878,4,41
0.005556096322834492,0.0005797743797302246,0.02258976176381111,0.970209538936615,0.0010648946044966578,0.99996018409729,3.760276740649715e-06,3.6052257200935856e-05,4,42
0.028894027695059776,0.23628449440002441,0.07594795525074005,0.0008079685503616929,0.6580654978752136,0.9993529915809631,0.00029309431556612253,0.00035397394094616175,4,43
0.00788792036473751,0.0013302903389558196,0.13885419070720673,0.8510379791259766,0.0008896624785847962,0.9956320524215698,0.002187037141993642,0.0021808999590575695,4,44
0.003287241095677018,0.6613054871559143,0.03303280845284462,0.00012118205631850287,0.30225324630737305,0.9945971965789795,0.005347049329429865,5.568335109273903e-05,4,45
0.007814763113856316,0.01766333542764187,0.005043083801865578,0.0007960802176967263,0.9686827063560486,0.9996392726898193,0.00011541911226231605,0.00024520177976228297,4,46
0.005376834888011217,0.001988935749977827,0.1235060766339302,0.8681542277336121,0.0009738218504935503,0.9960455298423767,0.0015526897041127086,0.00240170955657959,4,47
0.04148421436548233,0.10179289430379868,0.08319035172462463,0.0008573635714128613,0.7726751565933228,0.9975184202194214,0.0008760586497373879,0.0016056228196248412,4,48
0.00473398994654417,0.00023928633891046047,0.5232873558998108,0.47133561968803406,0.00040366730536334217,0.9979991316795349,0.0001839607284637168,0.001816885662265122,4,49
0.00043025700142607093,0.003850339911878109,8.577862899983302e-06,2.752142790996004e-05,0.9956833124160767,0.9957414865493774,0.0032566292211413383,0.00100193009711802,5,0
2.2786988962408827e-10,5.841890242663794e-07,0.9999994039535522,4.277082155113021e-08,1.835775087499769e-08,8.563699793739943e-08,0.00010759582801256329,0.9998923540115356,5,1
3.465418194537051e-05,9.767442679731175e-05,0.00016730096831452101,0.00017739647591952235,0.9995230436325073,0.9951501488685608,0.002673979615792632,0.002175897127017379,5,2
0.00020127400057390332,3.660286211015773e-06,4.578747393679805e-05,0.9997434020042419,5.864598279003985e-06,0.9936749339103699,0.003179272636771202,0.0031458477023988962,5,3
4.500090824421932e-07,4.0807358914207725e-07,2.6494271878618747e-06,3.7762508782179793e-06,0.9999927282333374,0.9943782687187195,0.00022252812050282955,0.005399235524237156,5,4
1.334910120931454e-05,0.0001403594360454008,0.9976619482040405,0.00172921153716743,0.00045511580538004637,0.14745797216892242,4.9255228077527136e-05,0.8524927496910095,5,5
0.34590819478034973,0.646113395690918,0.00045168009819462895,0.00032597631798125803,0.007200783584266901,0.9730829000473022,0.021817607805132866,0.005099481903016567,5,6
2.6422261726111174e-05,5.6548942666267976e-05,9.730928468343336e-06,6.940894672879949e-05,0.9998378753662109,0.9998321533203125,9.608039545128122e-05,7.170256867539138e-05,5,7
0.0006989963003434241,7.750266377115622e-05,0.003282752353698015,0.0023818842601031065,0.993558943271637,0.7923434972763062,0.000638545083347708,0.20701798796653748,5,8
1.3392339496931527e-05,0.00040699896635487676,0.9982337951660156,0.00134400581009686,1.7871307136374526e-06,7.897700561443344e-05,5.5556501621367715e-09,0.9999209642410278,5,9
0.00687806773930788,0.0002941540442407131,0.001345320139080286,0.9912303686141968,0.0002521687711123377,0.9723110795021057,0.00041357651934958994,0.027275411412119865,5,10
1.7873692286229925e-06,4.7000969516375335e-07,2.0158380209522875e-07,1.073685780283995e-06,0.9999964237213135,0.9969620108604431,9.484225302003324e-05,0.0029430859722197056,5,11
0.7183692455291748,0.0004946733242832124,3.436945189605467e-05,8.281853297376074e-06,0.2810935080051422,0.9898968935012817,0.009614156559109688,0.0004889279371127486,5,12
1.027530015562661e-05,1.0578042747511063e-05,2.0553687136271037e-05,0.9998738765716553,8.476492075715214e-05,0.9968963861465454,8.079250255832449e-05,0.003022795543074608,5,13
0.8925555944442749,0.05975044146180153,0.009287985041737556,0.02290702797472477,0.015498949214816093,0.9939500093460083,0.005544005427509546,0.0005059620016254485,5,14
0.6380680203437805,0.0884888768196106,0.0008078224491328001,0.009343602694571018,0.26329177618026733,0.9962945580482483,0.003304841695353389,0.0004006307863164693,5,15
0.03248154744505882,4.114496914553456e-05,0.00428618211299181,0.0022753658704459667,0.960915744304657,0.9975866079330444,0.0003820461861323565,0.00203126622363925,5,16
0.00012103807966923341,1.851043816714082e-05,8.429391891695559e-05,0.9997177720069885,5.8371155319036916e-05,0.9992479681968689,6.074643897591159e-05,0.000691272143740207,5,17
2.8114996894146316e-05,6.422496517188847e-05,0.00033315582550130785,0.9994208812713623,0.00015371193876489997,0.9907494187355042,7.707902113907039e-05,0.0091735003516078,5,18
0.00020086125005036592,0.0001253587834071368,3.8543701521120965e-05,0.9994807839393616,0.00015454798995051533,0.9985419511795044,9.776028309715912e-05,0.0013603947591036558,5,19
0.0003030280349776149,0.001165548455901444,0.00011781353532569483,0.9982823133468628,0.00013121847587171942,0.9756669402122498,0.0003243348910473287,0.024008681997656822,5,20
5.4167467169463634e-05,5.617050192086026e-05,0.0022421579342335463,0.9975996613502502,4.783085023518652e-05,0.9951501488685608,0.003086470067501068,0.0017634696559980512,5,21
8.846987839206122e-06,2.653214687597938e-05,3.2916348573053256e-05,0.9999234676361084,8.180324584827758e-06,0.9990158081054688,7.698870467720553e-05,0.0009072269313037395,5,22
0.008534557186067104,0.9442246556282043,0.00040053934208117425,0.033185966312885284,0.013654320500791073,0.9974143505096436,0.0011557035613805056,0.0014299314934760332,5,23
0.011014573276042938,0.02576385624706745,0.01829957775771618,0.8707326650619507,0.07418929785490036,0.9985275268554688,0.0003844845050480217,0.001087948796339333,5,24
0.00015464088937733322,0.9956231713294983,9.676851732365321e-06,0.004171465057879686,4.088948480784893e-05,0.9994474053382874,0.0002780160866677761,0.00027466026949696243,5,25
0.007387148682028055,0.0032205868046730757,0.0005873890477232635,0.9765862226486206,0.012218724004924297,0.9980575442314148,0.0001587988663231954,0.0017836196348071098,5,26
6.8823487708868925e-06,0.0334462895989418,1.1832100881292718e-06,5.2413849260801726e-08,0.9665456414222717,0.9991507530212402,3.641358853201382e-05,0.0008127489127218723,5,27
0.002742963610216975,0.0019188056467100978,0.410977303981781,4.1881758079398423e-05,0.5843190550804138,0.9970389604568481,0.0011240357998758554,0.0018370357574895024,5,28
0.006679121404886246,0.23466849327087402,0.003017546609044075,0.5633902549743652,0.19224458932876587,0.9985893368721008,0.0006676389602944255,0.0007430186378769577,5,29
0.026331307366490364,0.3151884377002716,0.0025143809616565704,0.642031729221344,0.01393416989594698,0.9976995587348938,0.0011661124881356955,0.001134270103648305,5,30
0.006277797278016806,0.04716692492365837,5.5125881772255525e-05,4.616837395587936e-05,0.9464539885520935,0.9998136162757874,0.00016278658586088568,2.358710662520025e-05,5,31
0.01703515090048313,0.004220305941998959,0.0010656174272298813,0.972939133644104,0.004739779978990555,0.9987776875495911,0.00021075792028568685,0.0010115503100678325,5,32
0.0004930770373903215,0.11607663333415985,7.096480840118602e-05,3.129941978841089e-05,0.8833280801773071,0.9973887801170349,0.00115212332457304,0.0014591681538149714,5,33
0.002876411657780409,0.24349920451641083,0.009303705766797066,0.6653860807418823,0.07893463969230652,0.9791874885559082,0.00026834532036446035,0.020544124767184258,5,34
0.018573256209492683,0.03954640403389931,0.09464224427938461,0.11454198509454727,0.7326960563659668,0.9898725748062134,0.0006053592078387737,0.0095220897346735,5,35
0.031718846410512924,0.002925829030573368,0.08030587434768677,0.8566127419471741,0.02843671292066574,0.9982481002807617,0.00045141103328205645,0.001300521893426776,5,36
0.0010925510432571173,0.44593334197998047,0.007588614709675312,0.0008825146360322833,0.5445029735565186,0.9965537786483765,0.002475984627380967,0.00097025150898844,5,37
0.004264906980097294,0.005197181832045317,0.14345046877861023,0.11120153963565826,0.7358859181404114,0.9907405376434326,0.0014796952018514276,0.007779748644679785,5,38
6.673218194919173e-06,8.215626507990237e-07,3.954126077587716e-05,0.999951958656311,9.363723734168161e-07,0.997368574142456,4.190866820863448e-05,0.002589581301435828,5,39
0.033676281571388245,0.013570991344749928,0.7084080576896667,0.17204545438289642,0.0722992867231369,0.8313825130462646,0.004000516142696142,0.16461700201034546,5,40
0.027340207248926163,0.0068076918832957745,0.0005030442844145,3.623653174145147e-05,0.9653128385543823,0.9642149209976196,0.02738788351416588,0.00839720107614994,5,41
0.005148790311068296,0.022576671093702316,0.0007222882122732699,0.9677584767341614,0.003793749026954174,0.9998935461044312,7.667362660868093e-05,2.9813107175868936e-05,5,42
0.0015232838923111558,0.12866225838661194,0.0008048033341765404,0.0017760248156264424,0.8672336339950562,0.9639644026756287,0.02983126975595951,0.00620424747467041,5,43
0.0013585464330390096,0.008704520761966705,0.00048861961113289,0.9891180396080017,0.00033021479612216353,0.9882783889770508,0.001847247825935483,0.009874267503619194,5,44
0.005587588995695114,0.32343557476997375,0.0017702823970466852,9.637317270971835e-05,0.6691101789474487,0.9884499311447144,0.008466568775475025,0.0030834227800369263,5,45
0.0037148455157876015,0.09341089427471161,0.10370027273893356,0.7469066977500916,0.052267253398895264,0.9021424055099487,0.04630967974662781,0.051547978073358536,5,46
0.00025280244881287217,0.0015056625707075,0.0003520142345223576,4.6698198275407776e-05,0.9978427886962891,0.9981921315193176,0.0015180963091552258,0.000289809046080336,5,47
0.0012573960702866316,0.010116838850080967,0.39569056034088135,0.5814933776855469,0.011441782116889954,0.9458902478218079,0.0002857171930372715,0.05382399633526802,5,48
2.0998859326937236e-05,0.9899848699569702,0.00021957320859655738,3.038063005078584e-05,0.00974421389400959,0.9996812343597412,0.0002340483624720946,8.476047514704987e-05,5,49
